,caseNumber,docDate,documentClass,from,messageNumber,originalLink,pdfLink,postedDate,subject,to,vol,docNum,dateStr,subjectStr
217,F-2015-04841,1299128400000,HRC_Email_296,,,," ""<a href='/C05739546/'>Link</a>"" ",1432267200000,H: LATEST: HOW SYRIA IS AIDING QADDAFI AND MORE... SID,H,1,C05739546,"Thu, 03 Mar 2011",H: LATEST: HOW SYRIA IS AIDING QADDAFI AND MORE... SID
228,F-2015-04841,1299819600000,HRC_Email_296,H,,," ""<a href='/C05739554/'>Link</a>"" ",1432267200000,H: LATEST: HOW SYRIA IS AIDING QADDAFI AND MORE... SID,"Abedin, Huma",2,C05739554,"Fri, 11 Mar 2011",H: LATEST: HOW SYRIA IS AIDING QADDAFI AND MORE... SID
227,F-2015-04841,1299819600000,HRC_Email_296,H,,," ""<a href='/C05739561/'>Link</a>"" ",1432267200000,H: LATEST: HOW SYRIA IS AIDING QADDAFI AND MORE... SID,"Abedin, Huma",2,C05739561,"Fri, 11 Mar 2011",H: LATEST: HOW SYRIA IS AIDING QADDAFI AND MORE... SID
294,F-2015-04841,1299992400000,HRC_Email_296,"Slaughter, Anne-Marie",,," ""<a href='/C05739568/'>Link</a>"" ",1432267200000,PIECE ON LIBYA NFZ THAT WILL APPEAR ON NYT OP-ED PAGE TOMORROW,H,2,C05739568,"Sun, 13 Mar 2011",PIECE ON LIBYA NFZ THAT WILL APPEAR ON NYT OP-ED PAGE TOMORROW
273,F-2015-04841,1299992400000,HRC_Email_296,"Sullivan, Jacob J",,," ""<a href='/C05739564/'>Link</a>"" ",1432267200000,ABZ AN HBJ ON LIBYA AND WEST BANK/GAZA,H,2,C05739564,"Sun, 13 Mar 2011",ABZ AN HBJ ON LIBYA AND WEST BANK/GAZA
253,F-2015-04841,1300852800000,HRC_Email_296,"Sullivan, Jacob J",,," ""<a href='/C05739586/'>Link</a>"" ",1432267200000,PROPOSED QUAD DEAL,H,1,C05739586,"Wed, 23 Mar 2011",PROPOSED QUAD DEAL
220,F-2015-04841,1301198400000,HRC_Email_296,,,," ""<a href='/C05739594/'>Link</a>"" ",1432267200000,H: LOTS OF NEW INTEL; POSSIBLE LIBYAN COLLAPSE. SID,H,2,C05739594,"Sun, 27 Mar 2011",H: LOTS OF NEW INTEL; POSSIBLE LIBYAN COLLAPSE. SID
251,F-2015-04841,1301198400000,HRC_Email_296,"Abedin, Huma",,," ""<a href='/C05739591/'>Link</a>"" ",1432267200000,CHRIS STEVENS MISSION,H,2,C05739591,"Sun, 27 Mar 2011",CHRIS STEVENS MISSION
278,F-2015-04841,1301371200000,HRC_Email_296,"Sullivan, Jacob J",,," ""<a href='/C05739608/'>Link</a>"" ",1432267200000,LIBYAN,H,3,C05739608,"Tue, 29 Mar 2011",LIBYAN
277,F-2015-04841,1301371200000,HRC_Email_296,H,,," ""<a href='/C05739611/'>Link</a>"" ",1432267200000,LIBYAN,sullivanjj@state.gov,3,C05739611,"Tue, 29 Mar 2011",LIBYAN
261,F-2015-04841,1301371200000,HRC_Email_296,"Sullivan, Jacob J",,," ""<a href='/C05739614/'>Link</a>"" ",1432267200000,LIBYAN,H,3,C05739614,"Tue, 29 Mar 2011",LIBYAN
283,F-2015-04841,1301457600000,HRC_Email_296,"Slaughter, Anne-Marie",,," ""<a href='/C05739622/'>Link</a>"" ",1432267200000,GORGEOUS PIC ON THE FRONT PAGE OF THE NYT!,H,3,C05739622,"Wed, 30 Mar 2011",GORGEOUS PIC ON THE FRONT PAGE OF THE NYT!
263,F-2015-04841,1301457600000,HRC_Email_296,"Sullivan, Jacob J",,," ""<a href='/C05739630/'>Link</a>"" ",1432267200000,STATEMENT BY THE PRESS SECRETARY,H,3,C05739630,"Wed, 30 Mar 2011",STATEMENT BY THE PRESS SECRETARY
271,F-2015-04841,1301457600000,HRC_Email_296,H,,," ""<a href='/C05739617/'>Link</a>"" ",1432267200000,LIBYAN,sullivanjj@state.gov,3,C05739617,"Wed, 30 Mar 2011",LIBYAN
257,F-2015-04841,1301630400000,HRC_Email_296,"Slaughter, Anne-Marie",,," ""<a href='/C05739632/'>Link</a>"" ",1432267200000,GORGEOUS PIC ON THE FRONT PAGE OF THE NYT!,H,1,C05739632,"Fri, 01 Apr 2011",GORGEOUS PIC ON THE FRONT PAGE OF THE NYT!
247,F-2015-04841,1301716800000,HRC_Email_296,"Sullivan, Jacob J",,," ""<a href='/C05739639/'>Link</a>"" ",1432267200000,BRITS AND LIBYA,H,3,C05739639,"Sat, 02 Apr 2011",BRITS AND LIBYA
248,F-2015-04841,1301716800000,HRC_Email_296,H,,," ""<a href='/C05739638/'>Link</a>"" ",1432267200000,BRITS AND LIBYA,sullivanjj@state.gov,3,C05739638,"Sat, 02 Apr 2011",BRITS AND LIBYA
272,F-2015-04841,1301716800000,HRC_Email_296,"Sullivan, Jacob J",,," ""<a href='/C05739641/'>Link</a>"" ",1432267200000,MISSION TO BENGHAZI,H,3,C05739641,"Sat, 02 Apr 2011",MISSION TO BENGHAZI
275,F-2015-04841,1301803200000,HRC_Email_296,"Mills, Cheryl D",,," ""<a href='/C05739646/'>Link</a>"" ",1432267200000,EXCLUSIVE: BILL CLINTON SAYS HE WOULDN'T RULE OUT ARMING LIBYA'S REBELS,H,1,C05739646,"Sun, 03 Apr 2011",EXCLUSIVE: BILL CLINTON SAYS HE WOULDN'T RULE OUT ARMING LIBYA'S REBELS
201,F-2015-04841,1302235200000,HRC_Email_296,H,,," ""<a href='/C05739660/'>Link</a>"" ",1432267200000,H: UK GAME PLAYING; NEW REBEL STRATEGISTS; EGYPT MOVES IN. SID,sullivanjj@state.gov,3,C05739660,"Fri, 08 Apr 2011",H: UK GAME PLAYING; NEW REBEL STRATEGISTS; EGYPT MOVES IN. SID
254,F-2015-04841,1302235200000,HRC_Email_296,"Sullivan, Jacob J",,," ""<a href='/C05739649/'>Link</a>"" ",1432267200000,BENGHAZI AND NATO,H,3,C05739649,"Fri, 08 Apr 2011",BENGHAZI AND NATO
235,F-2015-04841,1302235200000,HRC_Email_296,,,," ""<a href='/C05739654/'>Link</a>"" ",1432267200000,H: UK GAME PLAYING; NEW REBEL STRATEGISTS; EGYPT MOVES IN. SID,H,3,C05739654,"Fri, 08 Apr 2011",H: UK GAME PLAYING; NEW REBEL STRATEGISTS; EGYPT MOVES IN. SID
262,F-2015-04841,1302408000000,HRC_Email_296,"Abedin, Huma",,," ""<a href='/C05739666/'>Link</a>"" ",1432267200000,STEVENS UPDATE (IMPORTANT,H,1,C05739666,"Sun, 10 Apr 2011",STEVENS UPDATE (IMPORTANT
279,F-2015-04841,1303444800000,HRC_Email_296,"Abedin, Huma",,," ""<a href='/C05739670/'>Link</a>"" ",1432267200000,BENGHAZI STAFFING,H,2,C05739670,"Fri, 22 Apr 2011",BENGHAZI STAFFING
259,F-2015-04841,1303444800000,HRC_Email_296,"Abedin, Huma",,," ""<a href='/C05739669/'>Link</a>"" ",1432267200000,UPDATE ON SITUATION IN BENGHAZI: MCCAIN VISIT,H,2,C05739669,"Fri, 22 Apr 2011",UPDATE ON SITUATION IN BENGHAZI: MCCAIN VISIT
285,F-2015-04841,1303531200000,HRC_Email_296,H,,," ""<a href='/C05739678/'>Link</a>"" ",1432267200000,MCCAIN UPDATE,abedinh@state.gov,2,C05739678,"Sat, 23 Apr 2011",MCCAIN UPDATE
291,F-2015-04841,1303531200000,HRC_Email_296,"Abedin, Huma",,," ""<a href='/C05739676/'>Link</a>"" ",1432267200000,MCCAIN UPDATE,H,2,C05739676,"Sat, 23 Apr 2011",MCCAIN UPDATE
276,F-2015-04841,1303617600000,HRC_Email_296,"Abedin, Huma",,," ""<a href='/C05739681/'>Link</a>"" ",1432267200000,STEVENS UPDATE,H,1,C05739681,"Sun, 24 Apr 2011",STEVENS UPDATE
282,F-2015-04841,1303790400000,HRC_Email_296,"Mills, Cheryl D",,," ""<a href='/C05739684/'>Link</a>"" ",1432267200000,STEVENS UPDATE ON BENGHAZI - - 4/26 @ 7AM,H,2,C05739684,"Tue, 26 Apr 2011",STEVENS UPDATE ON BENGHAZI - - 4/26 @ 7AM
234,F-2015-04841,1303790400000,HRC_Email_296,"Mills, Cheryl D",,," ""<a href='/C05739687/'>Link</a>"" ",1432267200000,SPECIAL ENVOY STEVENS REPORT FROM BENGHAZI 4/26 1200,H,2,C05739687,"Tue, 26 Apr 2011",SPECIAL ENVOY STEVENS REPORT FROM BENGHAZI 4/26 1200
208,F-2015-04841,1304308800000,HRC_Email_296,H,,," ""<a href='/C05739696/'>Link</a>"" ",1432267200000,"H: UBL, AQ & LIBYA. SID",JilotyLC@state.gov,2,C05739696,"Mon, 02 May 2011","H: UBL, AQ & LIBYA. SID"
214,F-2015-04841,1304308800000,HRC_Email_296,,,," ""<a href='/C05739691/'>Link</a>"" ",1432267200000,"H: UBL, AQ & LIBYA. SID",H,2,C05739691,"Mon, 02 May 2011","H: UBL, AQ & LIBYA. SID"
245,F-2015-04841,1304654400000,HRC_Email_296,H,,," ""<a href='/C05739699/'>Link</a>"" ",1432267200000,"H: UBL, AQ & LIBYA. SID",sullivanjj@state.gov,2,C05739699,"Fri, 06 May 2011","H: UBL, AQ & LIBYA. SID"
238,F-2015-04841,1304654400000,HRC_Email_296,"Sullivan, Jacob J",,," ""<a href='/C05739702/'>Link</a>"" ",1432267200000,"H: UBL, AQ & LIBYA. SID",H,2,C05739702,"Fri, 06 May 2011","H: UBL, AQ & LIBYA. SID"
226,F-2015-04841,1307073600000,HRC_Email_296,"Sullivan, Jacob J",,," ""<a href='/C05739721/'>Link</a>"" ",1432267200000,H: NEW MEMO: Q'S SECRET BID TO UK. SID,H,4,C05739721,"Fri, 03 Jun 2011",H: NEW MEMO: Q'S SECRET BID TO UK. SID
209,F-2015-04841,1307073600000,HRC_Email_296,H,,," ""<a href='/C05739715/'>Link</a>"" ",1432267200000,H: MEMO ATTACHED ON Q'S SECRET BID TO UK. SID,sullivanjj@state.gov,4,C05739715,"Fri, 03 Jun 2011",H: MEMO ATTACHED ON Q'S SECRET BID TO UK. SID
241,F-2015-04841,1307073600000,HRC_Email_296,,,," ""<a href='/C05739709/'>Link</a>"" ",1432267200000,H: MEMO ATTACHED ON Q SECRET BID TO UK. SID,H,4,C05739709,"Fri, 03 Jun 2011",H: MEMO ATTACHED ON Q SECRET BID TO UK. SID
219,F-2015-04841,1307073600000,HRC_Email_296,,,," ""<a href='/C05739705/'>Link</a>"" ",1432267200000,H: NEW MEMO: Q'S SECRET BID TO UK. SID,H,4,C05739705,"Fri, 03 Jun 2011",H: NEW MEMO: Q'S SECRET BID TO UK. SID
290,F-2015-04841,1307678400000,HRC_Email_296,"Sullivan, Jacob J",,," ""<a href='/C05739724/'>Link</a>"" ",1432267200000,HOTEL IN BENGHAZI,H,1,C05739724,"Fri, 10 Jun 2011",HOTEL IN BENGHAZI
204,F-2015-04841,1312776000000,HRC_Email_296,,,," ""<a href='/C05739727/'>Link</a>"" ",1432267200000,H: WHO KILLED YOUNIS AND WHY. SID,H,1,C05739727,"Mon, 08 Aug 2011",H: WHO KILLED YOUNIS AND WHY. SID
270,F-2015-04841,1313899200000,HRC_Email_296,"Abedin, Huma",,," ""<a href='/C05739732/'>Link</a>"" ",1432267200000,JEFF UPDATE,H,1,C05739732,"Sun, 21 Aug 2011",JEFF UPDATE
268,F-2015-04841,1313985600000,HRC_Email_296,"Abedin, Huma",,," ""<a href='/C05739736/'>Link</a>"" ",1432267200000,BENGHAZI UPDATE (1200 LOCAL,H,5,C05739736,"Mon, 22 Aug 2011",BENGHAZI UPDATE (1200 LOCAL
258,F-2015-04841,1313985600000,HRC_Email_296,"Mills, Cheryl D",,," ""<a href='/C05739742/'>Link</a>"" ",1432267200000,BENGHAZI UPDATE (1200 LOCAL,H,5,C05739742,"Mon, 22 Aug 2011",BENGHAZI UPDATE (1200 LOCAL
286,F-2015-04841,1313985600000,HRC_Email_296,"Sullivan, Jacob J",,," ""<a href='/C05739748/'>Link</a>"" ",1432267200000,BENGHAZI UPDATE (1200 LOCAL,H,5,C05739748,"Mon, 22 Aug 2011",BENGHAZI UPDATE (1200 LOCAL
252,F-2015-04841,1313985600000,HRC_Email_296,"Mills, Cheryl D",,," ""<a href='/C05739752/'>Link</a>"" ",1432267200000,TICK TOCK ON LIBYA,H,5,C05739752,"Mon, 22 Aug 2011",TICK TOCK ON LIBYA
269,F-2015-04841,1313985600000,HRC_Email_296,H,,," ""<a href='/C05739745/'>Link</a>"" ",1432267200000,BENGHAZI UPDATE (1200 LOCAL,abedinh@state.gov,5,C05739745,"Mon, 22 Aug 2011",BENGHAZI UPDATE (1200 LOCAL
249,F-2015-04841,1315022400000,HRC_Email_296,H,,," ""<a href='/C05739755/'>Link</a>"" ",1432267200000,TICK TOCK ON LIBYA,"Flores, Oscar",1,C05739755,"Sat, 03 Sep 2011",TICK TOCK ON LIBYA
292,F-2015-04841,1315627200000,HRC_Email_296,"Sullivan, Jacob J",,," ""<a href='/C05739759/'>Link</a>"" ",1432267200000,ROGERS,H,1,C05739759,"Sat, 10 Sep 2011",ROGERS
250,F-2015-04841,1315972800000,HRC_Email_296,"Sullivan, Jacob J",,," ""<a href='/C05739783/'>Link</a>"" ",1432267200000,QUICK READOUT FROM JEFF FELTMAN IN TRIPOL,H,1,C05739783,"Wed, 14 Sep 2011",QUICK READOUT FROM JEFF FELTMAN IN TRIPOL
287,F-2015-04841,1319169600000,HRC_Email_296,"Mills, Cheryl D",,," ""<a href='/C05739784/'>Link</a>"" ",1432267200000,SECRETARY IN TRIPOLI,H,1,C05739784,"Fri, 21 Oct 2011",SECRETARY IN TRIPOLI
240,F-2015-04841,1325739600000,HRC_Email_296,"Sullivan, Jacob J",,," ""<a href='/C05739803/'>Link</a>"" ",1432267200000,"H: LATEST INTEL LIBYAN CONFLICTS, LEADERS & MILITIAS. SID",H,5,C05739803,"Thu, 05 Jan 2012","H: LATEST INTEL LIBYAN CONFLICTS, LEADERS & MILITIAS. SID"
212,F-2015-04841,1325739600000,HRC_Email_296,,,," ""<a href='/C05739789/'>Link</a>"" ",1432267200000,"H: LATEST INTEL LIBYAN CONFLICTS, LEADERS & MILITIAS. SID",H,5,C05739789,"Thu, 05 Jan 2012","H: LATEST INTEL LIBYAN CONFLICTS, LEADERS & MILITIAS. SID"
207,F-2015-04841,1325739600000,HRC_Email_296,H,,," ""<a href='/C05739794/'>Link</a>"" ",1432267200000,"H: LATEST INTEL LIBYAN CONFLICTS, LEADERS & MILITIAS. SID",sullivanjj@state.gov,5,C05739794,"Thu, 05 Jan 2012","H: LATEST INTEL LIBYAN CONFLICTS, LEADERS & MILITIAS. SID"
206,F-2015-04841,1325739600000,HRC_Email_296,,,," ""<a href='/C05739800/'>Link</a>"" ",1432267200000,"H: LATEST INTEL LIBYAN CONFLICTS, LEADERS & MILITIAS. SID",H,5,C05739800,"Thu, 05 Jan 2012","H: LATEST INTEL LIBYAN CONFLICTS, LEADERS & MILITIAS. SID"
236,F-2015-04841,1325739600000,HRC_Email_296,H,,," ""<a href='/C05739796/'>Link</a>"" ",1432267200000,"H: LATEST INTEL LIBYAN CONFLICTS, LEADERS & MILITIAS. SID",,5,C05739796,"Thu, 05 Jan 2012","H: LATEST INTEL LIBYAN CONFLICTS, LEADERS & MILITIAS. SID"
242,F-2015-04841,1325826000000,HRC_Email_296,"Sullivan, Jacob J",,," ""<a href='/C05739809/'>Link</a>"" ",1432267200000,HRC FRIEND,H,1,C05739809,"Fri, 06 Jan 2012",HRC FRIEND
210,F-2015-04841,1326085200000,HRC_Email_296,"Sullivan, Jacob J",,," ""<a href='/C05739810/'>Link</a>"" ",1432267200000,HRC FRIEND,H,1,C05739810,"Mon, 09 Jan 2012",HRC FRIEND
239,F-2015-04841,1326344400000,HRC_Email_296,H,,," ""<a href='/C05739813/'>Link</a>"" ",1432267200000,HRC FRIEND,Russorv@state.gov,1,C05739813,"Thu, 12 Jan 2012",HRC FRIEND
295,F-2015-04841,1326862800000,HRC_Email_296,"Mills, Cheryl D",,," ""<a href='/C05739820/'>Link</a>"" ",1432267200000,AGREMENT/LIBYA,H,1,C05739820,"Wed, 18 Jan 2012",AGREMENT/LIBYA
218,F-2015-04841,1327294800000,HRC_Email_296,H,,," ""<a href='/C05739824/'>Link</a>"" ",1432267200000,H: V GOOD INTEL INTERNAL LIBYA. SID,sullivanjj@state.gov,2,C05739824,"Mon, 23 Jan 2012",H: V GOOD INTEL INTERNAL LIBYA. SID
244,F-2015-04841,1327294800000,HRC_Email_296,"Sullivan, Jacob J",,," ""<a href='/C05739857/'>Link</a>"" ",1432267200000,H: V GOOD INTEL INTERNAL LIBYA. SID,H,2,C05739857,"Mon, 23 Jan 2012",H: V GOOD INTEL INTERNAL LIBYA. SID
225,F-2015-04841,1327381200000,HRC_Email_296,"Sullivan, Jacob J",,," ""<a href='/C05739859/'>Link</a>"" ",1432267200000,LIBYA INFO,H,1,C05739859,"Tue, 24 Jan 2012",LIBYA INFO
231,F-2015-04841,1327640400000,HRC_Email_296,H,,," ""<a href='/C05739861/'>Link</a>"" ",1432267200000,H: V GOOD INTEL INTERNAL LIBYA. SID,Russorv@state.gov,1,C05739861,"Fri, 27 Jan 2012",H: V GOOD INTEL INTERNAL LIBYA. SID
203,F-2015-04841,1329800400000,HRC_Email_296,H,,," ""<a href='/C05739864/'>Link</a>"" ",1432267200000,"H: LIBYA, INTEL, INTERNAL CONFLICT OVER MILITIAS. SID","Sullivan, Jacob J",1,C05739864,"Tue, 21 Feb 2012","H: LIBYA, INTEL, INTERNAL CONFLICT OVER MILITIAS. SID"
243,F-2015-04841,1329886800000,HRC_Email_296,"Sullivan, Jacob J",,," ""<a href='/C05739866/'>Link</a>"" ",1432267200000,"H: LIBYA, INTEL, INTERNAL CONFLICT OVER MILITIAS. SID",H,1,C05739866,"Wed, 22 Feb 2012","H: LIBYA, INTEL, INTERNAL CONFLICT OVER MILITIAS. SID"
222,F-2015-04841,1330059600000,HRC_Email_296,"Sullivan, Jacob J",,," ""<a href='/C05739868/'>Link</a>"" ",1432267200000,FROM HRC FRIEND,H,1,C05739868,"Fri, 24 Feb 2012",FROM HRC FRIEND
205,F-2015-04841,1330405200000,HRC_Email_296,H,,," ""<a href='/C05739869/'>Link</a>"" ",1432267200000,FROM HRC FRIEND,Russorv@state.gov,1,C05739869,"Tue, 28 Feb 2012",FROM HRC FRIEND
216,F-2015-04841,1331269200000,HRC_Email_296,"Sullivan, Jacob J",,," ""<a href='/C05739872/'>Link</a>"" ",1432267200000,H: FRANCE & UK BEHIND LIBYA BREAKUP. SID,H,2,C05739872,"Fri, 09 Mar 2012",H: FRANCE & UK BEHIND LIBYA BREAKUP. SID
200,F-2015-04841,1331269200000,HRC_Email_296,H,,," ""<a href='/C05739870/'>Link</a>"" ",1432267200000,H: FRANCE & UK BEHIND LIBYA BREAKUP. SID,sullivanjj@state.gov,2,C05739870,"Fri, 09 Mar 2012",H: FRANCE & UK BEHIND LIBYA BREAKUP. SID
199,F-2015-04841,1333425600000,HRC_Email_296,"Sullivan, Jacob J",,," ""<a href='/C05739875/'>Link</a>"" ",1432267200000,LATEST FROM HRC'S CONTACT,H,2,C05739875,"Tue, 03 Apr 2012",LATEST FROM HRC'S CONTACT
221,F-2015-04841,1333425600000,HRC_Email_296,"Sullivan, Jacob J",,," ""<a href='/C05739874/'>Link</a>"" ",1432267200000,LATEST FROM HRC'S CONTACT,H,2,C05739874,"Tue, 03 Apr 2012",LATEST FROM HRC'S CONTACT
246,F-2015-04841,1333512000000,HRC_Email_296,"Sullivan, Jake",,," ""<a href='/C05739876/'>Link</a>"" ",1432267200000,LIBYA,H,1,C05739876,"Wed, 04 Apr 2012",LIBYA
215,F-2015-04841,1333598400000,HRC_Email_296,"Sullivan, Jacob J",,," ""<a href='/C05739877/'>Link</a>"" ",1432267200000,LATEST FROM HRC'S CONTACT,H,1,C05739877,"Thu, 05 Apr 2012",LATEST FROM HRC'S CONTACT
211,F-2015-04841,1335153600000,HRC_Email_296,"Sullivan, Jacob J",,," ""<a href='/C05739878/'>Link</a>"" ",1432267200000,LATEST FROM HRC'S FRIEND,H,1,C05739878,"Mon, 23 Apr 2012",LATEST FROM HRC'S FRIEND
289,F-2015-04841,1335499200000,HRC_Email_296,"Sullivan, Jacob J",,," ""<a href='/C05739879/'>Link</a>"" ",1432267200000,TALK WITH PM,H,1,C05739879,"Fri, 27 Apr 2012",TALK WITH PM
202,F-2015-04841,1341374400000,HRC_Email_296,H,,," ""<a href='/C05739880/'>Link</a>"" ",1432267200000,H: LIBYAN ELECTIONS INTEL. SID,sullivanjj@state.gov,1,C05739880,"Wed, 04 Jul 2012",H: LIBYAN ELECTIONS INTEL. SID
237,F-2015-04841,1341633600000,HRC_Email_296,H,,," ""<a href='/C05739882/'>Link</a>"" ",1432267200000,FYI,sullivanjj@state.gov,3,C05739882,"Sat, 07 Jul 2012",FYI
198,F-2015-04841,1341633600000,HRC_Email_296,"Sullivan, Jacob J",,," ""<a href='/C05739883/'>Link</a>"" ",1432267200000,FYI,H,3,C05739883,"Sat, 07 Jul 2012",FYI
224,F-2015-04841,1341633600000,HRC_Email_296,"Sullivan, Jacob J",,," ""<a href='/C05739884/'>Link</a>"" ",1432267200000,LIBYA INTEL FROM S,H,3,C05739884,"Sat, 07 Jul 2012",LIBYA INTEL FROM S
213,F-2015-04841,1342497600000,HRC_Email_296,H,,," ""<a href='/C05739885/'>Link</a>"" ",1432267200000,H: LIBYAN ELECTIONS INTEL. SID,Russorv@state.gov,1,C05739885,"Tue, 17 Jul 2012",H: LIBYAN ELECTIONS INTEL. SID
232,F-2015-04841,1345694400000,HRC_Email_296,"Blumenthal, Sidney",,," ""<a href='/C05739887/'>Link</a>"" ",1432267200000,H: INTEL ON NEW LIBYAN PRESIDENT. SID,H,1,C05739887,"Thu, 23 Aug 2012",H: INTEL ON NEW LIBYAN PRESIDENT. SID
223,F-2015-04841,1345780800000,HRC_Email_296,"Sullivan, Jacob J",,," ""<a href='/C05739889/'>Link</a>"" ",1432267200000,H: INTEL ON NEW LIBYA PRESIDENT. SID,H,2,C05739889,"Fri, 24 Aug 2012",H: INTEL ON NEW LIBYA PRESIDENT. SID
229,F-2015-04841,1345780800000,HRC_Email_296,H,,," ""<a href='/C05739888/'>Link</a>"" ",1432267200000,H: INTEL ON NEW LIBYA PRESIDENT. SID,sullivanjj@state.gov,2,C05739888,"Fri, 24 Aug 2012",H: INTEL ON NEW LIBYA PRESIDENT. SID
230,F-2015-04841,1346040000000,HRC_Email_296,"Blumenthal, Sidney",,," ""<a href='/C05739890/'>Link</a>"" ",1432267200000,"H: INTEL, LIBYAN PRESIDENT. SID",H,1,C05739890,"Mon, 27 Aug 2012","H: INTEL, LIBYAN PRESIDENT. SID"
196,F-2015-04841,1346126400000,HRC_Email_296,H,,," ""<a href='/C05739892/'>Link</a>"" ",1432267200000,"H: INTEL, LIBYAN PRESIDENT. SID",sullivanjj@state.gov,2,C05739892,"Tue, 28 Aug 2012","H: INTEL, LIBYAN PRESIDENT. SID"
197,F-2015-04841,1346126400000,HRC_Email_296,H,,," ""<a href='/C05739891/'>Link</a>"" ",1432267200000,"H: INTEL, LIBYAN PRESIDENT. SID","Flores, Oscar",2,C05739891,"Tue, 28 Aug 2012","H: INTEL, LIBYAN PRESIDENT. SID"
288,F-2015-04841,1347336000000,HRC_Email_296,H,,," ""<a href='/C05739897/'>Link</a>"" ",1432267200000,CHRIS SMITH,sullivanjj@state.gov,6,C05739897,"Tue, 11 Sep 2012",CHRIS SMITH
260,F-2015-04841,1347336000000,HRC_Email_296,H,,," ""<a href='/C05739894/'>Link</a>"" ",1432267200000,REQUEST,,6,C05739894,"Tue, 11 Sep 2012",REQUEST
281,F-2015-04841,1347336000000,HRC_Email_296,"Hanley, Monica R",,," ""<a href='/C05739895/'>Link</a>"" ",1432267200000,TOM DONILON,H,6,C05739895,"Tue, 11 Sep 2012",TOM DONILON
267,F-2015-04841,1347336000000,HRC_Email_296,"Mills, Cheryl D",,," ""<a href='/C05739898/'>Link</a>"" ",1432267200000,CHRIS SMITH,H,6,C05739898,"Tue, 11 Sep 2012",CHRIS SMITH
266,F-2015-04841,1347336000000,HRC_Email_296,"Nuland, Victoria J",,," ""<a href='/C05739900/'>Link</a>"" ",1432267200000,CHRIS SMITH,H,6,C05739900,"Tue, 11 Sep 2012",CHRIS SMITH
256,F-2015-04841,1347336000000,HRC_Email_296,H,,," ""<a href='/C05739899/'>Link</a>"" ",1432267200000,CHRIS SMITH,millscd@state.gov,6,C05739899,"Tue, 11 Sep 2012",CHRIS SMITH
264,F-2015-04841,1347422400000,HRC_Email_296,"Otero, Maria",,," ""<a href='/C05739905/'>Link</a>"" ",1432267200000,I AM SO SORRY,H,27,C05739905,"Wed, 12 Sep 2012",I AM SO SORRY
293,F-2015-04841,1347422400000,HRC_Email_296,PIR,,," ""<a href='/C05739906/'>Link</a>"" ",1432267200000,STATEMENT,H,27,C05739906,"Wed, 12 Sep 2012",STATEMENT
109,F-2015-04841,1347422400000,HRC_Email_296,H,,," ""<a href='/C05739578/'>Link</a>"" ",1432267200000,MORE ON LIBYA,sullivanjj@state.gov,27,C05739578,"Wed, 12 Sep 2012",MORE ON LIBYA
131,F-2015-04841,1347422400000,HRC_Email_296,"Sullivan, Jacob J",,," ""<a href='/C05739562/'>Link</a>"" ",1432267200000,SECRETARY'S REMARKS,H,27,C05739562,"Wed, 12 Sep 2012",SECRETARY'S REMARKS
184,F-2015-04841,1347422400000,HRC_Email_296,"Sullivan, Jacob J",,," ""<a href='/C05739576/'>Link</a>"" ",1432267200000,S TODAY,H,27,C05739576,"Wed, 12 Sep 2012",S TODAY
284,F-2015-04841,1347422400000,HRC_Email_296,"Slaughter, Anne-Marie",,," ""<a href='/C05739909/'>Link</a>"" ",1432267200000,CHRIS STEVENS,H,27,C05739909,"Wed, 12 Sep 2012",CHRIS STEVENS
129,F-2015-04841,1347422400000,HRC_Email_296,H,,," ""<a href='/C05739559/'>Link</a>"" ",1432267200000,MEET THE RIGHT-WING EXTREMIST BEHIND ANTI-MUSLIM FILM THAT SPARKED DEADLY RIOTS,Russorv@state.gov,27,C05739559,"Wed, 12 Sep 2012",MEET THE RIGHT-WING EXTREMIST BEHIND ANTI-MUSLIM FILM THAT SPARKED DEADLY RIOTS
154,F-2015-04841,1347422400000,HRC_Email_296,"Mills, Cheryl D",,," ""<a href='/C05739560/'>Link</a>"" ",1432267200000,"ANTI-MUSLIM FILM DIRECTOR IN HIDING, FOLLOWING LIBYA, EGYPT VIOLENCE",H,27,C05739560,"Wed, 12 Sep 2012","ANTI-MUSLIM FILM DIRECTOR IN HIDING, FOLLOWING LIBYA, EGYPT VIOLENCE"
156,F-2015-04841,1347422400000,HRC_Email_296,"Mills, Cheryl D",,," ""<a href='/C05739550/'>Link</a>"" ",1432267200000,CAIRO CONDEMNATION - FINAL,H,27,C05739550,"Wed, 12 Sep 2012",CAIRO CONDEMNATION - FINAL
160,F-2015-04841,1347422400000,HRC_Email_296,"Koh, Harold Hongju",,," ""<a href='/C05739571/'>Link</a>"" ",1432267200000,THANK YOU,H,27,C05739571,"Wed, 12 Sep 2012",THANK YOU
174,F-2015-04841,1347422400000,HRC_Email_296,"Sherman, Wendy R",,," ""<a href='/C05739573/'>Link</a>"" ",1432267200000,THE YOUTH OF LIBYA,H,27,C05739573,"Wed, 12 Sep 2012",THE YOUTH OF LIBYA
146,F-2015-04841,1347422400000,HRC_Email_296,"Sherman, Wendy R",,," ""<a href='/C05739575/'>Link</a>"" ",1432267200000,ONE MORE PHOTO,H,27,C05739575,"Wed, 12 Sep 2012",ONE MORE PHOTO
112,F-2015-04841,1347422400000,HRC_Email_296,"Sullivan, Jacob J",,," ""<a href='/C05739567/'>Link</a>"" ",1432267200000,HEY,H,27,C05739567,"Wed, 12 Sep 2012",HEY
104,F-2015-04841,1347422400000,HRC_Email_296,,,," ""<a href='/C05739565/'>Link</a>"" ",1432267200000,MORE ON LIBYA,H,27,C05739565,"Wed, 12 Sep 2012",MORE ON LIBYA
103,F-2015-04841,1347422400000,HRC_Email_296,H,,," ""<a href='/C05739580/'>Link</a>"" ",1432267200000,H: MAGARIAF ON ATTACK ON US IN LIBYA. SID,Russorv@state.gov,27,C05739580,"Wed, 12 Sep 2012",H: MAGARIAF ON ATTACK ON US IN LIBYA. SID
102,F-2015-04841,1347422400000,HRC_Email_296,,,," ""<a href='/C05739563/'>Link</a>"" ",1432267200000,MORE ON LIBYA,H,27,C05739563,"Wed, 12 Sep 2012",MORE ON LIBYA
101,F-2015-04841,1347422400000,HRC_Email_296,H,,," ""<a href='/C05739583/'>Link</a>"" ",1432267200000,H: MAGARIAF ON ATTACK ON US IN LIBYA. SID,sullivanjj@state.gov,27,C05739583,"Wed, 12 Sep 2012",H: MAGARIAF ON ATTACK ON US IN LIBYA. SID
193,F-2015-04841,1347422400000,HRC_Email_296,"Sullivan, Jacob J",,," ""<a href='/C05739577/'>Link</a>"" ",1432267200000,THE YOUTH OF LIBYA,"Sherman, Wendy R",27,C05739577,"Wed, 12 Sep 2012",THE YOUTH OF LIBYA
169,F-2015-04841,1347422400000,HRC_Email_296,"Sullivan, Jacob J",,," ""<a href='/C05739545/'>Link</a>"" ",1432267200000,WOW,H,27,C05739545,"Wed, 12 Sep 2012",WOW
233,F-2015-04841,1347422400000,HRC_Email_296,"Blumenthal, Sidney",,," ""<a href='/C05739902/'>Link</a>"" ",1432267200000,H: MAGARIAF ON ATTACK ON US IN LIBYA. SID,H,27,C05739902,"Wed, 12 Sep 2012",H: MAGARIAF ON ATTACK ON US IN LIBYA. SID
96,F-2015-04841,1347422400000,HRC_Email_296,"Mills, Cheryl D",,," ""<a href='/C05739547/'>Link</a>"" ",1432267200000,CHRIS STEVENS,;H,27,C05739547,"Wed, 12 Sep 2012",CHRIS STEVENS
265,F-2015-04841,1347422400000,HRC_Email_296,"McHale, Judith",,," ""<a href='/C05739910/'>Link</a>"" ",1432267200000,LIBYA,H,27,C05739910,"Wed, 12 Sep 2012",LIBYA
255,F-2015-04841,1347422400000,HRC_Email_296,"Mills, Cheryl D",,," ""<a href='/C05739901/'>Link</a>"" ",1432267200000,UPDATE: BENGHAZI,H,27,C05739901,"Wed, 12 Sep 2012",UPDATE: BENGHAZI
135,F-2015-04841,1347422400000,HRC_Email_296,"Mills, Cheryl D",,," ""<a href='/C05739569/'>Link</a>"" ",1432267200000,NOT A DRY EYE IN NEA,H,27,C05739569,"Wed, 12 Sep 2012",NOT A DRY EYE IN NEA
274,F-2015-04841,1347422400000,HRC_Email_296,"Coleman, Claire L",,," ""<a href='/C05739907/'>Link</a>"" ",1432267200000,GEN DEMPSEY CALLED.,H,27,C05739907,"Wed, 12 Sep 2012",GEN DEMPSEY CALLED.
280,F-2015-04841,1347422400000,HRC_Email_296,"Mills, Cheryl D",,," ""<a href='/C05739903/'>Link</a>"" ",1432267200000,WE RECOVERED BOTH BODIES OVERNITE AND ARE LOOKING AT GETTING AT STATEMENT OUT AT 7AM,H,27,C05739903,"Wed, 12 Sep 2012",WE RECOVERED BOTH BODIES OVERNITE AND ARE LOOKING AT GETTING AT STATEMENT OUT AT 7AM
105,F-2015-04841,1347422400000,HRC_Email_296,H,,," ""<a href='/C05739579/'>Link</a>"" ",1432267200000,MORE ON LIBYA,Russorv@state.gov,27,C05739579,"Wed, 12 Sep 2012",MORE ON LIBYA
127,F-2015-04841,1347508800000,HRC_Email_296,"Mills, Cheryl D",,," ""<a href='/C05739593/'>Link</a>"" ",1432267200000,WASH POST: HILLARY CLINTON TRIES TO CALM ANTI-U.S. SENTIMENT AS PROTESTERS STORM EMBASSY IN YEMEN,H,9,C05739593,"Thu, 13 Sep 2012",WASH POST: HILLARY CLINTON TRIES TO CALM ANTI-U.S. SENTIMENT AS PROTESTERS STORM EMBASSY IN YEMEN
121,F-2015-04841,1347508800000,HRC_Email_296,"Mills, Cheryl D",,," ""<a href='/C05739597/'>Link</a>"" ",1432267200000,AMERICAN KILLED IN LIBYA WAS ON INTEL MISSION TO TRACK WEAPONS,"Mills, Cheryl D",9,C05739597,"Thu, 13 Sep 2012",AMERICAN KILLED IN LIBYA WAS ON INTEL MISSION TO TRACK WEAPONS
107,F-2015-04841,1347508800000,HRC_Email_296,"Blumenthal, Sidney",,," ""<a href='/C05739587/'>Link</a>"" ",1432267200000,H: MORE MAGARIAF PRIVAT REAX (SENT NOW AS MEMO. SID,H,9,C05739587,"Thu, 13 Sep 2012",H: MORE MAGARIAF PRIVAT REAX (SENT NOW AS MEMO. SID
177,F-2015-04841,1347508800000,HRC_Email_296,"Sullivan, Jacob J",,," ""<a href='/C05739596/'>Link</a>"" ",1432267200000,CONDOLENCES FROM PM NETANYAHU,H,9,C05739596,"Thu, 13 Sep 2012",CONDOLENCES FROM PM NETANYAHU
115,F-2015-04841,1347508800000,HRC_Email_296,H,,," ""<a href='/C05739595/'>Link</a>"" ",1432267200000,QUICK SUMMARY OF POTUS CALLS TO PRESIDENTS OF LIBYA AND EGYPT,Russorv@state.gov,9,C05739595,"Thu, 13 Sep 2012",QUICK SUMMARY OF POTUS CALLS TO PRESIDENTS OF LIBYA AND EGYPT
114,F-2015-04841,1347508800000,HRC_Email_296,"Sullivan, Jacob J",,," ""<a href='/C05739592/'>Link</a>"" ",1432267200000,QUICK SUMMARY OF POTUS CALLS TO PRESIDENTS OF LIBYA AND EGYPT,H,9,C05739592,"Thu, 13 Sep 2012",QUICK SUMMARY OF POTUS CALLS TO PRESIDENTS OF LIBYA AND EGYPT
110,F-2015-04841,1347508800000,HRC_Email_296,"Sullivan, Jacob J",,," ""<a href='/C05739588/'>Link</a>"" ",1432267200000,MORE ON LIBYA,H,9,C05739588,"Thu, 13 Sep 2012",MORE ON LIBYA
191,F-2015-04841,1347508800000,HRC_Email_296,"Strider, Burns",,," ""<a href='/C05739590/'>Link</a>"" ",1432267200000,CNN BELIEF BLOG. PROTHERO,H,9,C05739590,"Thu, 13 Sep 2012",CNN BELIEF BLOG. PROTHERO
167,F-2015-04841,1347508800000,HRC_Email_296,"Mills, Cheryl D",,," ""<a href='/C05739589/'>Link</a>"" ",1432267200000,AMB STEVENS ,H,9,C05739589,"Thu, 13 Sep 2012",AMB STEVENS 
166,F-2015-04841,1347595200000,HRC_Email_296,"Mills, Cheryl D",,," ""<a href='/C05739631/'>Link</a>"" ",1432267200000,FW:,H,13,C05739631,"Fri, 14 Sep 2012",FW:
163,F-2015-04841,1347595200000,HRC_Email_296,"Marshall, Capricia P",,," ""<a href='/C05739609/'>Link</a>"" ",1432267200000,YOU DO GREAT WORK - THANKS FOR MAKING OUR HEROS HAVE THE HOMECOMING THEY DESERVED.,"Mills, Cheryl D",13,C05739609,"Fri, 14 Sep 2012",YOU DO GREAT WORK - THANKS FOR MAKING OUR HEROS HAVE THE HOMECOMING THEY DESERVED.
175,F-2015-04841,1347595200000,HRC_Email_296,"Abedin, Huma",,," ""<a href='/C05739606/'>Link</a>"" ",1432267200000,SITUATION REPORT NO. 1 09/14/I,H,13,C05739606,"Fri, 14 Sep 2012",SITUATION REPORT NO. 1 09/14/I
152,F-2015-04841,1347595200000,HRC_Email_296,"Mills, Cheryl D",,," ""<a href='/C05739605/'>Link</a>"" ",1432267200000,SITUATION REPORT NO. 1 09/14/I,H,13,C05739605,"Fri, 14 Sep 2012",SITUATION REPORT NO. 1 09/14/I
182,F-2015-04841,1347595200000,HRC_Email_296,H,,," ""<a href='/C05739640/'>Link</a>"" ",1432267200000,CNN BELIEF BLOG. PROTHERO,Russorv@state.gov,13,C05739640,"Fri, 14 Sep 2012",CNN BELIEF BLOG. PROTHERO
151,F-2015-04841,1347595200000,HRC_Email_296,"Mills, Cheryl D",,," ""<a href='/C05739628/'>Link</a>"" ",1432267200000,THANKS,H,13,C05739628,"Fri, 14 Sep 2012",THANKS
185,F-2015-04841,1347595200000,HRC_Email_296,"Mills, Cheryl D",,," ""<a href='/C05739612/'>Link</a>"" ",1432267200000,PRETTY POWERFUL PIECE ON STANDING UP FOR DIPLOMATS,H,13,C05739612,"Fri, 14 Sep 2012",PRETTY POWERFUL PIECE ON STANDING UP FOR DIPLOMATS
143,F-2015-04841,1347595200000,HRC_Email_296,"Burns, William J",,," ""<a href='/C05739626/'>Link</a>"" ",1432267200000,THANKS,H,13,C05739626,"Fri, 14 Sep 2012",THANKS
139,F-2015-04841,1347595200000,HRC_Email_296,"Russo, Robert V",,," ""<a href='/C05739600/'>Link</a>"" ",1432267200000,"MINI FOR TODAY - FRIDAY, SEPTEMBER 14, 2012",H,13,C05739600,"Fri, 14 Sep 2012","MINI FOR TODAY - FRIDAY, SEPTEMBER 14, 2012"
147,F-2015-04841,1347595200000,HRC_Email_296,"Marshall, Capricia P",,," ""<a href='/C05739619/'>Link</a>"" ",1432267200000,YOU DO GREAT WORK - THANKS FOR MAKING OUR HEROS HAVE THE HOMECOMING THEY DESERVED.,"Mills, Cheryl D",13,C05739619,"Fri, 14 Sep 2012",YOU DO GREAT WORK - THANKS FOR MAKING OUR HEROS HAVE THE HOMECOMING THEY DESERVED.
123,F-2015-04841,1347595200000,HRC_Email_296,"Mills, Cheryl D",,," ""<a href='/C05739607/'>Link</a>"" ",1432267200000,YOU DO GREAT WORK - THANKS FOR MAKING OUR HEROS HAVE THE HOMECOMING THEY DESERVED.,H,13,C05739607,"Fri, 14 Sep 2012",YOU DO GREAT WORK - THANKS FOR MAKING OUR HEROS HAVE THE HOMECOMING THEY DESERVED.
106,F-2015-04841,1347595200000,HRC_Email_296,"Blumenthal, Sidney",,," ""<a href='/C05739624/'>Link</a>"" ",1432267200000,H: MORSI'S PRIVATE CONVERSATIONS TODAY. SID,H,13,C05739624,"Fri, 14 Sep 2012",H: MORSI'S PRIVATE CONVERSATIONS TODAY. SID
111,F-2015-04841,1347595200000,HRC_Email_296,"Mills, Cheryl D",,," ""<a href='/C05739634/'>Link</a>"" ",1432267200000,REMARKS,H,13,C05739634,"Fri, 14 Sep 2012",REMARKS
187,F-2015-04841,1347681600000,HRC_Email_296,"Hanley, Monica R",,," ""<a href='/C05739686/'>Link</a>"" ",1432267200000,HOLDER,H,13,C05739686,"Sat, 15 Sep 2012",HOLDER
176,F-2015-04841,1347681600000,HRC_Email_296,"Hanley, Monica R",,," ""<a href='/C05739645/'>Link</a>"" ",1432267200000,PDB,H,13,C05739645,"Sat, 15 Sep 2012",PDB
125,F-2015-04841,1347681600000,HRC_Email_296,H,,," ""<a href='/C05739664/'>Link</a>"" ",1432267200000,QUESTION AND UPDATE,hanleymr@state.gov,13,C05739664,"Sat, 15 Sep 2012",QUESTION AND UPDATE
155,F-2015-04841,1347681600000,HRC_Email_296,"Hanley, Monica R",,," ""<a href='/C05739675/'>Link</a>"" ",1432267200000,HOLDER,H,13,C05739675,"Sat, 15 Sep 2012",HOLDER
137,F-2015-04841,1347681600000,HRC_Email_296,H,,," ""<a href='/C05739688/'>Link</a>"" ",1432267200000,HOLDER,hanleymr@state.gov,13,C05739688,"Sat, 15 Sep 2012",HOLDER
128,F-2015-04841,1347681600000,HRC_Email_296,H,,," ""<a href='/C05739652/'>Link</a>"" ",1432267200000,SAUDI GRAND MUFTI CALLS ATTACKS ON FOREIGN EMBASSIES UN-ISLAMIC (REUTERS,abedinh@state.gov,13,C05739652,"Sat, 15 Sep 2012",SAUDI GRAND MUFTI CALLS ATTACKS ON FOREIGN EMBASSIES UN-ISLAMIC (REUTERS
195,F-2015-04841,1347681600000,HRC_Email_296,,,," ""<a href='/C05739655/'>Link</a>"" ",1432267200000,CONDOLENCES,H,13,C05739655,"Sat, 15 Sep 2012",CONDOLENCES
186,F-2015-04841,1347681600000,HRC_Email_296,H,,," ""<a href='/C05739680/'>Link</a>"" ",1432267200000,HOLDER,hanleymr@state.gov,13,C05739680,"Sat, 15 Sep 2012",HOLDER
133,F-2015-04841,1347681600000,HRC_Email_296,"Hanley, Monica R",,," ""<a href='/C05739662/'>Link</a>"" ",1432267200000,QUESTION AND UPDATE,H,13,C05739662,"Sat, 15 Sep 2012",QUESTION AND UPDATE
145,F-2015-04841,1347681600000,HRC_Email_296,"Mills, Cheryl D",,," ""<a href='/C05739648/'>Link</a>"" ",1432267200000,ITEM,H,13,C05739648,"Sat, 15 Sep 2012",ITEM
134,F-2015-04841,1347681600000,HRC_Email_296,"Mills, Cheryl D",,," ""<a href='/C05739658/'>Link</a>"" ",1432267200000,US INTELLIGENCE WARNED EMBASSY IN EGYPT OF CONCERN ABOUT ANTI-MUSLIM FILM,H,13,C05739658,"Sat, 15 Sep 2012",US INTELLIGENCE WARNED EMBASSY IN EGYPT OF CONCERN ABOUT ANTI-MUSLIM FILM
136,F-2015-04841,1347681600000,HRC_Email_296,H,,," ""<a href='/C05739667/'>Link</a>"" ",1432267200000,PDB,hanleymr@state.gov,13,C05739667,"Sat, 15 Sep 2012",PDB
188,F-2015-04841,1347681600000,HRC_Email_296,"Hanley, Monica R",,," ""<a href='/C05739673/'>Link</a>"" ",1432267200000,PDB,H,13,C05739673,"Sat, 15 Sep 2012",PDB
162,F-2015-04841,1347768000000,HRC_Email_296,"Sullivan, Jacob J",,," ""<a href='/C05739717/'>Link</a>"" ",1432267200000,'STATE OF THE UNION' TRANSCRIPT: U.S. AMBASSADOR TO THE UNITED NATIONS SUSAN RICE,H,14,C05739717,"Sun, 16 Sep 2012",'STATE OF THE UNION' TRANSCRIPT: U.S. AMBASSADOR TO THE UNITED NATIONS SUSAN RICE
122,F-2015-04841,1347768000000,HRC_Email_296,"Hanley, Monica R",,," ""<a href='/C05739692/'>Link</a>"" ",1432267200000,KING OF MOROCCO,H,14,C05739692,"Sun, 16 Sep 2012",KING OF MOROCCO
164,F-2015-04841,1347768000000,HRC_Email_296,"Hanley, Monica R",,," ""<a href='/C05739698/'>Link</a>"" ",1432267200000,KING OF MOROCCO,H,14,C05739698,"Sun, 16 Sep 2012",KING OF MOROCCO
181,F-2015-04841,1347768000000,HRC_Email_296,H,,," ""<a href='/C05739701/'>Link</a>"" ",1432267200000,KING OF MOROCCO,hanleymr@state.gov,14,C05739701,"Sun, 16 Sep 2012",KING OF MOROCCO
171,F-2015-04841,1347768000000,HRC_Email_296,"Sullivan, Jacob J",,," ""<a href='/C05739716/'>Link</a>"" ",1432267200000,'MEET THE PRESS' TRANSCRIPT: U.S. AMBASSADOR TO THE UNITED NATIONS SUSAN RICE,H,14,C05739716,"Sun, 16 Sep 2012",'MEET THE PRESS' TRANSCRIPT: U.S. AMBASSADOR TO THE UNITED NATIONS SUSAN RICE
173,F-2015-04841,1347768000000,HRC_Email_296,H,,," ""<a href='/C05739693/'>Link</a>"" ",1432267200000,KING OF MOROCCO,hanleymr@state.gov,14,C05739693,"Sun, 16 Sep 2012",KING OF MOROCCO
161,F-2015-04841,1347768000000,HRC_Email_296,"Sullivan, Jacob J",,," ""<a href='/C05739728/'>Link</a>"" ",1432267200000,'MEET THE PRESS' TRANSCRIPT: U.S. AMBASSADOR TO THE UNITED NATIONS SUSAN RICE,H,14,C05739728,"Sun, 16 Sep 2012",'MEET THE PRESS' TRANSCRIPT: U.S. AMBASSADOR TO THE UNITED NATIONS SUSAN RICE
116,F-2015-04841,1347768000000,HRC_Email_296,"Sullivan, Jacob J",,," ""<a href='/C05739704/'>Link</a>"" ",1432267200000,"RICE ON ""THIS WEEK""",H,14,C05739704,"Sun, 16 Sep 2012","RICE ON ""THIS WEEK"""
159,F-2015-04841,1347768000000,HRC_Email_296,H,,," ""<a href='/C05739708/'>Link</a>"" ",1432267200000,VISAS OBTAINED,millscd@state.gov,14,C05739708,"Sun, 16 Sep 2012",VISAS OBTAINED
158,F-2015-04841,1347768000000,HRC_Email_296,H,,," ""<a href='/C05739695/'>Link</a>"" ",1432267200000,KING OF MOROCCO,hanleymr@state.gov,14,C05739695,"Sun, 16 Sep 2012",KING OF MOROCCO
130,F-2015-04841,1347768000000,HRC_Email_296,H,,," ""<a href='/C05739722/'>Link</a>"" ",1432267200000,'MEET THE PRESS' TRANSCRIPT: U.S. AMBASSADOR TO THE UNITED NATIONS SUSAN RICE,sullivanjj@state.gov,14,C05739722,"Sun, 16 Sep 2012",'MEET THE PRESS' TRANSCRIPT: U.S. AMBASSADOR TO THE UNITED NATIONS SUSAN RICE
132,F-2015-04841,1347768000000,HRC_Email_296,"Mills, Cheryl D",,," ""<a href='/C05739706/'>Link</a>"" ",1432267200000,VISAS OBTAINED,H,14,C05739706,"Sun, 16 Sep 2012",VISAS OBTAINED
144,F-2015-04841,1347768000000,HRC_Email_296,H,,," ""<a href='/C05739689/'>Link</a>"" ",1432267200000,HOLDER,hanleymr@state.gov,14,C05739689,"Sun, 16 Sep 2012",HOLDER
142,F-2015-04841,1347768000000,HRC_Email_296,"Mills, Cheryl D",,," ""<a href='/C05739730/'>Link</a>"" ",1432267200000,MEANT TO EMAIL EARLIER,H,14,C05739730,"Sun, 16 Sep 2012",MEANT TO EMAIL EARLIER
153,F-2015-04841,1347854400000,HRC_Email_296,"Mills, Cheryl D",,," ""<a href='/C05739735/'>Link</a>"" ",1432267200000,VIDEO SHOWS LIBYANS HELPING RESCUE US AMBASSADOR AFTER ATTACK (REUTERS,H,3,C05739735,"Mon, 17 Sep 2012",VIDEO SHOWS LIBYANS HELPING RESCUE US AMBASSADOR AFTER ATTACK (REUTERS
165,F-2015-04841,1347854400000,HRC_Email_296,"Sullivan, Jacob J",,," ""<a href='/C05739737/'>Link</a>"" ",1432267200000,LES GELB ON THE OBAMA RESPONSE,H,3,C05739737,"Mon, 17 Sep 2012",LES GELB ON THE OBAMA RESPONSE
150,F-2015-04841,1347854400000,HRC_Email_296,"Mills, Cheryl D",,," ""<a href='/C05739731/'>Link</a>"" ",1432267200000,THANKS,H,3,C05739731,"Mon, 17 Sep 2012",THANKS
120,F-2015-04841,1347940800000,HRC_Email_296,"Verveer, Melanne S",,," ""<a href='/C05739739/'>Link</a>"" ",1432267200000,NATO,H,1,C05739739,"Tue, 18 Sep 2012",NATO
118,F-2015-04841,1348027200000,HRC_Email_296,H,,," ""<a href='/C05739747/'>Link</a>"" ",1432267200000,ANDREW SULLIVAN WITH THE HILLARY LOVE,,1,C05739747,"Wed, 19 Sep 2012",ANDREW SULLIVAN WITH THE HILLARY LOVE
172,F-2015-04841,1348113600000,HRC_Email_296,"Mills, Cheryl D",,," ""<a href='/C05739756/'>Link</a>"" ",1432267200000,WSJ - MISCUES BEFORE LIBYA ASSAULT,H,2,C05739756,"Thu, 20 Sep 2012",WSJ - MISCUES BEFORE LIBYA ASSAULT
124,F-2015-04841,1348113600000,HRC_Email_296,"Coleman, Claire L",,," ""<a href='/C05739753/'>Link</a>"" ",1432267200000,"MINI FOR TODAY-THURSDAY, SEPT 20, 2012",H,2,C05739753,"Thu, 20 Sep 2012","MINI FOR TODAY-THURSDAY, SEPT 20, 2012"
149,F-2015-04841,1348200000000,HRC_Email_296,"Sullivan, Jacob J",,," ""<a href='/C05739760/'>Link</a>"" ",1432267200000,ANYTHING TO REPORT?,H,3,C05739760,"Fri, 21 Sep 2012",ANYTHING TO REPORT?
192,F-2015-04841,1348200000000,HRC_Email_296,"Mills, Cheryl D",,," ""<a href='/C05739757/'>Link</a>"" ",1432267200000,LIBYANS MARCH AGAINST ISLAMIST MILITIAS IN BENGHAZI,H,3,C05739757,"Fri, 21 Sep 2012",LIBYANS MARCH AGAINST ISLAMIST MILITIAS IN BENGHAZI
178,F-2015-04841,1348200000000,HRC_Email_296,"Mills, Cheryl D",,," ""<a href='/C05739764/'>Link</a>"" ",1432267200000,PROTESTERS STORM MAIN ISLAMIST MILITIA HQ IN LIBYA'S BENGHAZI (REUTERS,H,3,C05739764,"Fri, 21 Sep 2012",PROTESTERS STORM MAIN ISLAMIST MILITIA HQ IN LIBYA'S BENGHAZI (REUTERS
99,F-2015-04841,1348286400000,HRC_Email_296,H,,," ""<a href='/C05739775/'>Link</a>"" ",1432267200000,CGI DRAFT V3 092212.DOCX,"Flores, Oscar",3,C05739775,"Sat, 22 Sep 2012",CGI DRAFT V3 092212.DOCX
98,F-2015-04841,1348286400000,HRC_Email_296,"Sullivan, Jacob J",,," ""<a href='/C05739767/'>Link</a>"" ",1432267200000,CGI DRAFT V3 092212.DOCX,H,3,C05739767,"Sat, 22 Sep 2012",CGI DRAFT V3 092212.DOCX
141,F-2015-04841,1348286400000,HRC_Email_296,PIR,,," ""<a href='/C05739766/'>Link</a>"" ",1432267200000,LIBYA,H,3,C05739766,"Sat, 22 Sep 2012",LIBYA
194,F-2015-04841,1348372800000,HRC_Email_296,H,,," ""<a href='/C05739788/'>Link</a>"" ",1432267200000,FW:,hanleymr@state.gov,8,C05739788,"Sun, 23 Sep 2012",FW:
140,F-2015-04841,1348372800000,HRC_Email_296,H,,," ""<a href='/C05739778/'>Link</a>"" ",1432267200000,NOT A DRY EYE IN NEA,hanleymr@state.gov,8,C05739778,"Sun, 23 Sep 2012",NOT A DRY EYE IN NEA
148,F-2015-04841,1348372800000,HRC_Email_296,H,,," ""<a href='/C05739781/'>Link</a>"" ",1432267200000,S TODAY,hanleymr@state.gov,8,C05739781,"Sun, 23 Sep 2012",S TODAY
168,F-2015-04841,1348372800000,HRC_Email_296,H,,," ""<a href='/C05739798/'>Link</a>"" ",1432267200000,LIBYANS MARCH AGAINST ISLAMIST MILITIAS IN BENGHAZI,hanleymr@state.gov,8,C05739798,"Sun, 23 Sep 2012",LIBYANS MARCH AGAINST ISLAMIST MILITIAS IN BENGHAZI
157,F-2015-04841,1348372800000,HRC_Email_296,H,,," ""<a href='/C05739790/'>Link</a>"" ",1432267200000,THANKS,hanleymr@state.gov,8,C05739790,"Sun, 23 Sep 2012",THANKS
119,F-2015-04841,1348372800000,HRC_Email_296,H,,," ""<a href='/C05739791/'>Link</a>"" ",1432267200000,THANKS,hanleymr@state.gov,8,C05739791,"Sun, 23 Sep 2012",THANKS
97,F-2015-04841,1348372800000,HRC_Email_296,H,,," ""<a href='/C05739793/'>Link</a>"" ",1432267200000,REMARKS,hanleymr@state.gov,8,C05739793,"Sun, 23 Sep 2012",REMARKS
108,F-2015-04841,1348372800000,HRC_Email_296,H,,," ""<a href='/C05739785/'>Link</a>"" ",1432267200000,H: MORSI'S PRIVATE CONVERSATIONS TODAY. SID,hanleymr@state.gov,8,C05739785,"Sun, 23 Sep 2012",H: MORSI'S PRIVATE CONVERSATIONS TODAY. SID
189,F-2015-04841,1348459200000,HRC_Email_296,"Sullivan, Jacob J",,," ""<a href='/C05739812/'>Link</a>"" ",1432267200000,BENHAZI/PROTEST STATEMENTS,H,3,C05739812,"Mon, 24 Sep 2012",BENHAZI/PROTEST STATEMENTS
170,F-2015-04841,1348459200000,HRC_Email_296,"Hanley, Monica R",,," ""<a href='/C05739801/'>Link</a>"" ",1432267200000,EDITS,"Sullivan, Jacob J",3,C05739801,"Mon, 24 Sep 2012",EDITS
100,F-2015-04841,1348459200000,HRC_Email_296,"Sullivan, Jacob J",,," ""<a href='/C05739815/'>Link</a>"" ",1432267200000,FELTMAN TIDBITS,H,3,C05739815,"Mon, 24 Sep 2012",FELTMAN TIDBITS
190,F-2015-04841,1348545600000,HRC_Email_296,"Mills, Cheryl D",,," ""<a href='/C05739816/'>Link</a>"" ",1432267200000,OUR EXCHANGE,H,1,C05739816,"Tue, 25 Sep 2012",OUR EXCHANGE
179,F-2015-04841,1348632000000,HRC_Email_296,"Sullivan, Jacob J",,," ""<a href='/C05739818/'>Link</a>"" ",1432267200000,NYT: CLINTON CITES CLEAR LINK BETWE,H,1,C05739818,"Wed, 26 Sep 2012",NYT: CLINTON CITES CLEAR LINK BETWE
117,F-2015-04841,1348718400000,HRC_Email_296,"Sullivan, Jacob J",,," ""<a href='/C05739821/'>Link</a>"" ",1432267200000,FW:,H,3,C05739821,"Thu, 27 Sep 2012",FW:
183,F-2015-04841,1348718400000,HRC_Email_296,"Mills, Cheryl D",,," ""<a href='/C05739829/'>Link</a>"" ",1432267200000,GOOGLE AND YOUTUBE,H,3,C05739829,"Thu, 27 Sep 2012",GOOGLE AND YOUTUBE
180,F-2015-04841,1348718400000,HRC_Email_296,"Mills, Cheryl D",,," ""<a href='/C05739826/'>Link</a>"" ",1432267200000,ISAKSON/CORKER LETTER,H,3,C05739826,"Thu, 27 Sep 2012",ISAKSON/CORKER LETTER
138,F-2015-04841,1348804800000,HRC_Email_296,"Mills, Cheryl D",,," ""<a href='/C05739831/'>Link</a>"" ",1432267200000,ARB PANEL,H,2,C05739831,"Fri, 28 Sep 2012",ARB PANEL
113,F-2015-04841,1348804800000,HRC_Email_296,"Mills, Cheryl D",,," ""<a href='/C05739832/'>Link</a>"" ",1432267200000,DNI STATEMENT,H,2,C05739832,"Fri, 28 Sep 2012",DNI STATEMENT
126,F-2015-04841,1348977600000,HRC_Email_296,H,,," ""<a href='/C05739833/'>Link</a>"" ",1432267200000,BILL KELLER PIECE,"Flores, Oscar",2,C05739833,"Sun, 30 Sep 2012",BILL KELLER PIECE
33,F-2015-04841,1348977600000,HRC_Email_296,H,,," ""<a href='/C05739610/'>Link</a>"" ",1432267200000,BENHAZI/PROTEST STATEMENTS,"Flores, Oscar",2,C05739610,"Sun, 30 Sep 2012",BENHAZI/PROTEST STATEMENTS
36,F-2015-04841,1349064000000,HRC_Email_296,H,,," ""<a href='/C05739627/'>Link</a>"" ",1432267200000,H: ROMNEY'S LAST GAMBIT. GOT DONE AND PUBLISHED. SID,sullivanjj@state.gov,6,C05739627,"Mon, 01 Oct 2012",H: ROMNEY'S LAST GAMBIT. GOT DONE AND PUBLISHED. SID
46,F-2015-04841,1349064000000,HRC_Email_296,H,,," ""<a href='/C05739618/'>Link</a>"" ",1432267200000,H: ROMNEY'S LAST GAMBIT. GOT DONE AND PUBLISHED. SID,sullivanjj@state.gov,6,C05739618,"Mon, 01 Oct 2012",H: ROMNEY'S LAST GAMBIT. GOT DONE AND PUBLISHED. SID
81,F-2015-04841,1349064000000,HRC_Email_296,"Sullivan, Jacob J",,," ""<a href='/C05739629/'>Link</a>"" ",1432267200000,H: ROMNEY'S LAST GAMBIT. GOT DONE AND PUBLISHED. SID,H,6,C05739629,"Mon, 01 Oct 2012",H: ROMNEY'S LAST GAMBIT. GOT DONE AND PUBLISHED. SID
65,F-2015-04841,1349064000000,HRC_Email_296,"Blumenthal, Sidney",,," ""<a href='/C05739623/'>Link</a>"" ",1432267200000,H: ROMNEY'S LAST GAMBIT. GOT DONE AND PUBLISHED. SID,H,6,C05739623,"Mon, 01 Oct 2012",H: ROMNEY'S LAST GAMBIT. GOT DONE AND PUBLISHED. SID
34,F-2015-04841,1349064000000,HRC_Email_296,"Sullivan, Jacob J",,," ""<a href='/C05739620/'>Link</a>"" ",1432267200000,H: ROMNEY'S LAST GAMBIT. GOT DONE AND PUBLISHED. SID,H,6,C05739620,"Mon, 01 Oct 2012",H: ROMNEY'S LAST GAMBIT. GOT DONE AND PUBLISHED. SID
83,F-2015-04841,1349064000000,HRC_Email_296,"Blumenthal, Sidney",,," ""<a href='/C05739615/'>Link</a>"" ",1432267200000,H: ROMNEY'S LAST GAMBIT. GOT DONE AND PUBLISHED. SID,H,6,C05739615,"Mon, 01 Oct 2012",H: ROMNEY'S LAST GAMBIT. GOT DONE AND PUBLISHED. SID
71,F-2015-04841,1349236800000,HRC_Email_296,"Sullivan, Jacob J",,," ""<a href='/C05739635/'>Link</a>"" ",1432267200000,TRIPOLI TRIP,H,2,C05739635,"Wed, 03 Oct 2012",TRIPOLI TRIP
40,F-2015-04841,1349236800000,HRC_Email_296,H,,," ""<a href='/C05739633/'>Link</a>"" ",1432267200000,BENGHAZI WAS OBAMA'S 3 AM CALL,Russorv@state.gov,2,C05739633,"Wed, 03 Oct 2012",BENGHAZI WAS OBAMA'S 3 AM CALL
14,F-2015-04841,1349496000000,HRC_Email_296,"Blumenthal, Sidney",,," ""<a href='/C05739643/'>Link</a>"" ",1432267200000,H: GREAT TO SEE YOU.  DROP IN AGAIN.  HERE'S LIBYA.  SID,H,2,C05739643,"Sat, 06 Oct 2012",H: GREAT TO SEE YOU.  DROP IN AGAIN.  HERE'S LIBYA.  SID
86,F-2015-04841,1349496000000,HRC_Email_296,"Mills, Cheryl D",,," ""<a href='/C05739637/'>Link</a>"" ",1432267200000,DAILY BEAST: A DIPLOMAT UNDER FIRE.,H,2,C05739637,"Sat, 06 Oct 2012",DAILY BEAST: A DIPLOMAT UNDER FIRE.
11,F-2015-04841,1349582400000,HRC_Email_296,H,,," ""<a href='/C05739644/'>Link</a>"" ",1432267200000,H: GREAT TO SEE YOU. DROP IN AGAIN. HERE'S LIBYA. SID,Russorv@state.gov,4,C05739644,"Sun, 07 Oct 2012",H: GREAT TO SEE YOU. DROP IN AGAIN. HERE'S LIBYA. SID
16,F-2015-04841,1349582400000,HRC_Email_296,H,,," ""<a href='/C05739647/'>Link</a>"" ",1432267200000,H: GREAT TO SEE YOU. DROP IN AGAIN. HERE'S LIBYA. SID,sullivanjj@state.gov,4,C05739647,"Sun, 07 Oct 2012",H: GREAT TO SEE YOU. DROP IN AGAIN. HERE'S LIBYA. SID
12,F-2015-04841,1349582400000,HRC_Email_296,"Blumenthal, Sidney",,," ""<a href='/C05739650/'>Link</a>"" ",1432267200000,H: GREAT TO SEE YOU.  DROP IN AGAIN.  HERE'S LIBYA.  SID,H,4,C05739650,"Sun, 07 Oct 2012",H: GREAT TO SEE YOU.  DROP IN AGAIN.  HERE'S LIBYA.  SID
4,F-2015-04841,1349582400000,HRC_Email_296,"Sullivan, Jacob J",,," ""<a href='/C05739651/'>Link</a>"" ",1432267200000,H: GREAT TO SEE YOU.  DROP IN AGAIN.  HERE'S LIBYA.  SID,H,4,C05739651,"Sun, 07 Oct 2012",H: GREAT TO SEE YOU.  DROP IN AGAIN.  HERE'S LIBYA.  SID
51,F-2015-04841,1349668800000,HRC_Email_296,H,,," ""<a href='/C05739656/'>Link</a>"" ",1432267200000,THE CABLE: ROMNEY TO COMPARE BENGHAZI TO ORIGINAL 9/11 ATTACKS,millscd@state.gov,2,C05739656,"Mon, 08 Oct 2012",THE CABLE: ROMNEY TO COMPARE BENGHAZI TO ORIGINAL 9/11 ATTACKS
53,F-2015-04841,1349668800000,HRC_Email_296,"Mills, Cheryl D",,," ""<a href='/C05739653/'>Link</a>"" ",1432267200000,THE CABLE: ROMNEY TO COMPARE BENGHAZI TO ORIGINAL 9/11 ATTACKS,H,2,C05739653,"Mon, 08 Oct 2012",THE CABLE: ROMNEY TO COMPARE BENGHAZI TO ORIGINAL 9/11 ATTACKS
31,F-2015-04841,1349841600000,HRC_Email_296,"Sullivan, Jacob J",,," ""<a href='/C05739663/'>Link</a>"" ",1432267200000,SPEECH DRAFT FOR FRIDAY AT CSIS,H,5,C05739663,"Wed, 10 Oct 2012",SPEECH DRAFT FOR FRIDAY AT CSIS
90,F-2015-04841,1349841600000,HRC_Email_296,"Hanley, Monica R",,," ""<a href='/C05739665/'>Link</a>"" ",1432267200000,SPEECH DRAFT FOR FRIDAY AT CSIS,"Schwerin, Daniel B",5,C05739665,"Wed, 10 Oct 2012",SPEECH DRAFT FOR FRIDAY AT CSIS
62,F-2015-04841,1349841600000,HRC_Email_296,"Sullivan, Jacob J",,," ""<a href='/C05739668/'>Link</a>"" ",1432267200000,SPEECH DRAFT FOR FRIDAY AT CSIS,H,5,C05739668,"Wed, 10 Oct 2012",SPEECH DRAFT FOR FRIDAY AT CSIS
38,F-2015-04841,1349841600000,HRC_Email_296,"Mills, Cheryl D",,," ""<a href='/C05739659/'>Link</a>"" ",1432267200000,THE HILL: ISSA TARGETS HILLARY: BIG MISTAKE,H,5,C05739659,"Wed, 10 Oct 2012",THE HILL: ISSA TARGETS HILLARY: BIG MISTAKE
30,F-2015-04841,1349841600000,HRC_Email_296,"Schwerin, Daniel B",,," ""<a href='/C05739661/'>Link</a>"" ",1432267200000,SPEECH DRAFT FOR FRIDAY AT CSIS,H,5,C05739661,"Wed, 10 Oct 2012",SPEECH DRAFT FOR FRIDAY AT CSIS
45,F-2015-04841,1349928000000,HRC_Email_296,"Reines, Philippe I",,," ""<a href='/C05739674/'>Link</a>"" ",1432267200000,MONICA LANGLEY TRANSCRIPT,"Nides, Thomas R",2,C05739674,"Thu, 11 Oct 2012",MONICA LANGLEY TRANSCRIPT
29,F-2015-04841,1349928000000,HRC_Email_296,,,," ""<a href='/C05739694/'>Link</a>"" ",1432267200000,"SECRETARY OF STATE HILLARY RODHAM CLINTON REMARKS ON THE MAGHREB IN TRANSITION AT THE CENTER FOR STRATEGIC AND INTERNATIONAL STUDIES WASHINGTON, DC OCTOBER 12, 2012",,2,C05739694,"Thu, 11 Oct 2012","SECRETARY OF STATE HILLARY RODHAM CLINTON REMARKS ON THE MAGHREB IN TRANSITION AT THE CENTER FOR STRATEGIC AND INTERNATIONAL STUDIES WASHINGTON, DC OCTOBER 12, 2012"
50,F-2015-04841,1350014400000,HRC_Email_296,"Sullivan, Jacob J",,," ""<a href='/C05739697/'>Link</a>"" ",1432267200000,Q RE HBJ,H,6,C05739697,"Fri, 12 Oct 2012",Q RE HBJ
28,F-2015-04841,1350014400000,HRC_Email_296,"Schwerin, Daniel B",,," ""<a href='/C05739685/'>Link</a>"" ",1432267200000,ENDING OF SPEECH,H,6,C05739685,"Fri, 12 Oct 2012",ENDING OF SPEECH
32,F-2015-04841,1350014400000,HRC_Email_296,"Sullivan, Jacob J",,," ""<a href='/C05739683/'>Link</a>"" ",1432267200000,HRC @ CSIS - V8,H,6,C05739683,"Fri, 12 Oct 2012",HRC @ CSIS - V8
68,F-2015-04841,1350014400000,HRC_Email_296,"Schwerin, Daniel B",,," ""<a href='/C05739679/'>Link</a>"" ",1432267200000,ENDING OF SPEECH,"Sullivan, Jacob J",6,C05739679,"Fri, 12 Oct 2012",ENDING OF SPEECH
94,F-2015-04841,1350014400000,HRC_Email_296,H,,," ""<a href='/C05739682/'>Link</a>"" ",1432267200000,ENDING OF SPEECH,sullivanjj@state.gov,6,C05739682,"Fri, 12 Oct 2012",ENDING OF SPEECH
80,F-2015-04841,1350014400000,HRC_Email_296,"Sullivan, Jacob J",,," ""<a href='/C05739677/'>Link</a>"" ",1432267200000,ENDING OF SPEECH,H,6,C05739677,"Fri, 12 Oct 2012",ENDING OF SPEECH
93,F-2015-04841,1350100800000,HRC_Email_296,"Sherman, Wendy R",,," ""<a href='/C05739700/'>Link</a>"" ",1432267200000,CSIS,H,1,C05739700,"Sat, 13 Oct 2012",CSIS
58,F-2015-04841,1350187200000,HRC_Email_296,"Mills, Cheryl D",,," ""<a href='/C05739714/'>Link</a>"" ",1432267200000,"BLOOMBERG: LIBYAN AMBASSADOR'S DEATH NOT A POLITICAL ISSUE, SAYS DAD",H,4,C05739714,"Sun, 14 Oct 2012","BLOOMBERG: LIBYAN AMBASSADOR'S DEATH NOT A POLITICAL ISSUE, SAYS DAD"
69,F-2015-04841,1350187200000,HRC_Email_296,H,,," ""<a href='/C05739718/'>Link</a>"" ",1432267200000,"BLOOMBERG: LIBYAN AMBASSADOR'S DEATH NOT A POLITICAL ISSUE, SAYS DAD",millscd@state.gov,4,C05739718,"Sun, 14 Oct 2012","BLOOMBERG: LIBYAN AMBASSADOR'S DEATH NOT A POLITICAL ISSUE, SAYS DAD"
52,F-2015-04841,1350187200000,HRC_Email_296,H,,," ""<a href='/C05739711/'>Link</a>"" ",1432267200000,"BLOOMBERG: LIBYAN AMBASSADOR'S DEATH NOT A POLITICAL ISSUE, SAYS DAD",millscd@state.gov,4,C05739711,"Sun, 14 Oct 2012","BLOOMBERG: LIBYAN AMBASSADOR'S DEATH NOT A POLITICAL ISSUE, SAYS DAD"
55,F-2015-04841,1350187200000,HRC_Email_296,"Mills, Cheryl D",,," ""<a href='/C05739703/'>Link</a>"" ",1432267200000,"BLOOMBERG: LIBYAN AMBASSADOR'S DEATH NOT A POLITICAL ISSUE, SAYS DAD",H,4,C05739703,"Sun, 14 Oct 2012","BLOOMBERG: LIBYAN AMBASSADOR'S DEATH NOT A POLITICAL ISSUE, SAYS DAD"
85,F-2015-04841,1350273600000,HRC_Email_296,"Mills, Cheryl D",,," ""<a href='/C05739720/'>Link</a>"" ",1432267200000,TRIPOLI PERSONNEL,H,3,C05739720,"Mon, 15 Oct 2012",TRIPOLI PERSONNEL
88,F-2015-04841,1350273600000,HRC_Email_296,H,,," ""<a href='/C05739733/'>Link</a>"" ",1432267200000,"[SALON] THE DEATH OF AMBASSADOR CHRIS STEVENS, THE NEED FOR ""EXPEDITIONARY DIPLOMACY,"" AND THE REAL LESSONS FOR U.S. DIPLOMACY",sullivanjj@state.gov,3,C05739733,"Mon, 15 Oct 2012","[SALON] THE DEATH OF AMBASSADOR CHRIS STEVENS, THE NEED FOR ""EXPEDITIONARY DIPLOMACY,"" AND THE REAL LESSONS FOR U.S. DIPLOMACY"
72,F-2015-04841,1350273600000,HRC_Email_296,H,,," ""<a href='/C05739729/'>Link</a>"" ",1432267200000,"[SALON] THE DEATH OF AMBASSADOR CHRIS STEVENS, THE NEED FOR ""EXPEDITIONARY DIPLOMACY"" AND THE REAL LESSONS FOR U.S. DIPLOMACY",hanleymr@state.gov,3,C05739729,"Mon, 15 Oct 2012","[SALON] THE DEATH OF AMBASSADOR CHRIS STEVENS, THE NEED FOR ""EXPEDITIONARY DIPLOMACY"" AND THE REAL LESSONS FOR U.S. DIPLOMACY"
10,F-2015-04841,1350360000000,HRC_Email_296,"Blumenthal, Sidney",,," ""<a href='/C05739734/'>Link</a>"" ",1432267200000,"H: NEW INTEL, LIBYAN PM'S PLANS. SID",H,1,C05739734,"Tue, 16 Oct 2012","H: NEW INTEL, LIBYAN PM'S PLANS. SID"
13,F-2015-04841,1350446400000,HRC_Email_296,H,,," ""<a href='/C05739744/'>Link</a>"" ",1432267200000,"H: NEW INTEL, LIBYAN PM'S PLANS. SID",sullivanjj@state.gov,5,C05739744,"Wed, 17 Oct 2012","H: NEW INTEL, LIBYAN PM'S PLANS. SID"
2,F-2015-04841,1350446400000,HRC_Email_296,H,,," ""<a href='/C05739741/'>Link</a>"" ",1432267200000,FW:,,5,C05739741,"Wed, 17 Oct 2012",FW:
1,F-2015-04841,1350446400000,HRC_Email_296,H,,," ""<a href='/C05739740/'>Link</a>"" ",1432267200000,FW:,,5,C05739740,"Wed, 17 Oct 2012",FW:
87,F-2015-04841,1350446400000,HRC_Email_296,H,,," ""<a href='/C05739754/'>Link</a>"" ",1432267200000,"RICE ON ""THIS WEEK""",Russorv@state.gov,5,C05739754,"Wed, 17 Oct 2012","RICE ON ""THIS WEEK"""
39,F-2015-04841,1350446400000,HRC_Email_296,H,,," ""<a href='/C05739750/'>Link</a>"" ",1432267200000,"[SALON] THE DEATH OF AMBASSADOR CHRIS STEVENS, THE NEED FOR ""EXPEDITIONARY DIPLOMACY,"" AND THE REAL LESSONS FOR U.S. DIPLOMACY",Russorv@state.gov,5,C05739750,"Wed, 17 Oct 2012","[SALON] THE DEATH OF AMBASSADOR CHRIS STEVENS, THE NEED FOR ""EXPEDITIONARY DIPLOMACY,"" AND THE REAL LESSONS FOR U.S. DIPLOMACY"
37,F-2015-04841,1350532800000,HRC_Email_296,"Mills, Cheryl D",,," ""<a href='/C05739762/'>Link</a>"" ",1432267200000,UPDATE: LIBYAN ISLAMIST SAYS HE WAS AT U.S. CONSULATE DURING ATTACK (REUTERS,H,2,C05739762,"Thu, 18 Oct 2012",UPDATE: LIBYAN ISLAMIST SAYS HE WAS AT U.S. CONSULATE DURING ATTACK (REUTERS
64,F-2015-04841,1350532800000,HRC_Email_296,"Mills, Cheryl D",,," ""<a href='/C05739758/'>Link</a>"" ",1432267200000,FW: ,H,2,C05739758,"Thu, 18 Oct 2012",FW: 
17,F-2015-04841,1350619200000,HRC_Email_296,H,,," ""<a href='/C05739763/'>Link</a>"" ",1432267200000,LIBYA,millscd@state.gov,2,C05739763,"Fri, 19 Oct 2012",LIBYA
15,F-2015-04841,1350619200000,HRC_Email_296,"Mills, Cheryl D",,," ""<a href='/C05739765/'>Link</a>"" ",1432267200000,LIBYA,H,2,C05739765,"Fri, 19 Oct 2012",LIBYA
9,F-2015-04841,1351137600000,HRC_Email_296,H,,," ""<a href='/C05739769/'>Link</a>"" ",1432267200000,H: LATEST INTEL: LIBYAN LEADERSHIP PRIVATE DISCUSSIONS. SID,Russorv@state.gov,4,C05739769,"Thu, 25 Oct 2012",H: LATEST INTEL: LIBYAN LEADERSHIP PRIVATE DISCUSSIONS. SID
18,F-2015-04841,1351137600000,HRC_Email_296,H,,," ""<a href='/C05739771/'>Link</a>"" ",1432267200000,H: LATEST INTEL: LIBYAN LEADERSHIP PRIVATE DISCUSSIONS. SID,sullivanjj@state.gov,4,C05739771,"Thu, 25 Oct 2012",H: LATEST INTEL: LIBYAN LEADERSHIP PRIVATE DISCUSSIONS. SID
5,F-2015-04841,1351137600000,HRC_Email_296,"Sullivan, Jacob J",,," ""<a href='/C05739772/'>Link</a>"" ",1432267200000,H: LATEST INTEL: LIBYAN LEADERSHIP PRIVATE DISCUSSIONS. SID,H,4,C05739772,"Thu, 25 Oct 2012",H: LATEST INTEL: LIBYAN LEADERSHIP PRIVATE DISCUSSIONS. SID
7,F-2015-04841,1351137600000,HRC_Email_296,"Blumenthal, Sidney",,," ""<a href='/C05739768/'>Link</a>"" ",1432267200000,H: LATEST INTEL: LIBYAN LEADERSHIP PRIVATE DISCUSSIONS. SID,H,4,C05739768,"Thu, 25 Oct 2012",H: LATEST INTEL: LIBYAN LEADERSHIP PRIVATE DISCUSSIONS. SID
47,F-2015-04841,1351310400000,HRC_Email_296,"Mills, Cheryl D",,," ""<a href='/C05739774/'>Link</a>"" ",1432267200000,WSJ EDITORIAL - THE OTHER EMBASSY ATTACK,H,1,C05739774,"Sat, 27 Oct 2012",WSJ EDITORIAL - THE OTHER EMBASSY ATTACK
63,F-2015-04841,1351483200000,HRC_Email_296,"Huma, Abedin",,," ""<a href='/C05739777/'>Link</a>"" ",1432267200000,,H,1,C05739777,"Mon, 29 Oct 2012",
67,F-2015-04841,1352610000000,HRC_Email_296,"Mills, Cheryl D",,," ""<a href='/C05739779/'>Link</a>"" ",1432267200000,DIPLOMATS STILL IN BENGHAZI SAY THEY HAD LONG QUESTIONED U.S. RELIANCE ON LOCAL MILITIA (MCCLATCHY,H,1,C05739779,"Sun, 11 Nov 2012",DIPLOMATS STILL IN BENGHAZI SAY THEY HAD LONG QUESTIONED U.S. RELIANCE ON LOCAL MILITIA (MCCLATCHY
44,F-2015-04841,1352782800000,HRC_Email_296,"Mills, Cheryl D",,," ""<a href='/C05739780/'>Link</a>"" ",1432267200000,HOW ARE THE HEARINGS GOING?,H,1,C05739780,"Tue, 13 Nov 2012",HOW ARE THE HEARINGS GOING?
78,F-2015-04841,1352869200000,HRC_Email_296,"Mills, Cheryl D",,," ""<a href='/C05739795/'>Link</a>"" ",1432267200000,POLITICO BREAKING NEWS,H,5,C05739795,"Wed, 14 Nov 2012",POLITICO BREAKING NEWS
92,F-2015-04841,1352869200000,HRC_Email_296,"Mills, Cheryl D",,," ""<a href='/C05739786/'>Link</a>"" ",1432267200000,"HOMELANDSECURITY, INTELLIGENCE: DEAR COLLEAGUE: COSIGN: LETTER OPPOSING AMBASSADOR SUSAN RICE FOR SECRETARY OF STATE","Sullivan, Jacob J",5,C05739786,"Wed, 14 Nov 2012","HOMELANDSECURITY, INTELLIGENCE: DEAR COLLEAGUE: COSIGN: LETTER OPPOSING AMBASSADOR SUSAN RICE FOR SECRETARY OF STATE"
70,F-2015-04841,1352869200000,HRC_Email_296,"Mills, Cheryl D",,," ""<a href='/C05739787/'>Link</a>"" ",1432267200000,DAVID PETRAEUS WILL TESTIFY ON BENGHAZI (POLITICO,H,5,C05739787,"Wed, 14 Nov 2012",DAVID PETRAEUS WILL TESTIFY ON BENGHAZI (POLITICO
89,F-2015-04841,1352869200000,HRC_Email_296,H,,," ""<a href='/C05739797/'>Link</a>"" ",1432267200000,POLITICO BREAKING NEWS,millscd@state.gov,5,C05739797,"Wed, 14 Nov 2012",POLITICO BREAKING NEWS
79,F-2015-04841,1352869200000,HRC_Email_296,"Reines, Philippe I",,," ""<a href='/C05739792/'>Link</a>"" ",1432267200000,DAVID PETRAEUS WILL TESTIFY ON BENGHAZI (POLITICO,"Mills, Cheryl D",5,C05739792,"Wed, 14 Nov 2012",DAVID PETRAEUS WILL TESTIFY ON BENGHAZI (POLITICO
76,F-2015-04841,1352955600000,HRC_Email_296,"Slaughter, Anne-Marie",,," ""<a href='/C05739802/'>Link</a>"" ",1432267200000,AN OP-ED YOU SHOULD READ; PRAISES STATE FOR WHAT STEVENS DID RIGHT,H,2,C05739802,"Thu, 15 Nov 2012",AN OP-ED YOU SHOULD READ; PRAISES STATE FOR WHAT STEVENS DID RIGHT
41,F-2015-04841,1352955600000,HRC_Email_296,"Mills, Cheryl D",,," ""<a href='/C05739799/'>Link</a>"" ",1432267200000,MARK - QUICK REUTERS QUERY,H,2,C05739799,"Thu, 15 Nov 2012",MARK - QUICK REUTERS QUERY
74,F-2015-04841,1353042000000,HRC_Email_296,"Mills, Cheryl D",,," ""<a href='/C05739804/'>Link</a>"" ",1432267200000,WSJ: HILLARY AND LIBYA,H,1,C05739804,"Fri, 16 Nov 2012",WSJ: HILLARY AND LIBYA
91,F-2015-04841,1353214800000,HRC_Email_296,H,,," ""<a href='/C05739805/'>Link</a>"" ",1432267200000,WSJ: HILLARY AND LIBYA,,2,C05739805,"Sun, 18 Nov 2012",WSJ: HILLARY AND LIBYA
3,F-2015-04841,1353214800000,HRC_Email_296,"Sullivan, Jacob J",,," ""<a href='/C05739808/'>Link</a>"" ",1432267200000,FYI - REPORT OF ARRESTS -- POSSIBLE BENGHAZI CONNECTION,H,2,C05739808,"Sun, 18 Nov 2012",FYI - REPORT OF ARRESTS -- POSSIBLE BENGHAZI CONNECTION
66,F-2015-04841,1353560400000,HRC_Email_296,"Mills, Cheryl D",,," ""<a href='/C05739811/'>Link</a>"" ",1432267200000,AP - RICE DEFENDS BENGHAZI REMARKS,H,1,C05739811,"Thu, 22 Nov 2012",AP - RICE DEFENDS BENGHAZI REMARKS
27,F-2015-04841,1353646800000,HRC_Email_296,H,,," ""<a href='/C05739817/'>Link</a>"" ",1432267200000,MONDAY NOVEMBER 26 FROM 2:35 - 3:20 PM - TOPIC - BENGHAZI,millscd@state.gov,5,C05739817,"Fri, 23 Nov 2012",MONDAY NOVEMBER 26 FROM 2:35 - 3:20 PM - TOPIC - BENGHAZI
26,F-2015-04841,1353646800000,HRC_Email_296,"Mills, Cheryl D",,," ""<a href='/C05739814/'>Link</a>"" ",1432267200000,MONDAY NOVEMBER 26 FROM 2:35 - 3:20 PM - TOPIC - BENGHAZI,H,5,C05739814,"Fri, 23 Nov 2012",MONDAY NOVEMBER 26 FROM 2:35 - 3:20 PM - TOPIC - BENGHAZI
25,F-2015-04841,1353646800000,HRC_Email_296,"Valmoro, Lona J",,," ""<a href='/C05739825/'>Link</a>"" ",1432267200000,MONDAY NOVEMBER 26 FROM 2:35 - 3:20 PM - TOPIC - BENGHAZI,H,5,C05739825,"Fri, 23 Nov 2012",MONDAY NOVEMBER 26 FROM 2:35 - 3:20 PM - TOPIC - BENGHAZI
24,F-2015-04841,1353646800000,HRC_Email_296,H,,," ""<a href='/C05739823/'>Link</a>"" ",1432267200000,MONDAY NOVEMBER 26 FROM 2:35 - 3:20 PM - TOPIC - BENGHAZI,millscd@state.gov,5,C05739823,"Fri, 23 Nov 2012",MONDAY NOVEMBER 26 FROM 2:35 - 3:20 PM - TOPIC - BENGHAZI
19,F-2015-04841,1353646800000,HRC_Email_296,"Mills, Cheryl D",,," ""<a href='/C05739819/'>Link</a>"" ",1432267200000,MONDAY NOVEMBER 26 FROM 2:35 - 3:20 PM - TOPIC - BENGHAZI,H,5,C05739819,"Fri, 23 Nov 2012",MONDAY NOVEMBER 26 FROM 2:35 - 3:20 PM - TOPIC - BENGHAZI
21,F-2015-04841,1353733200000,HRC_Email_296,"Mills, Cheryl D",,," ""<a href='/C05739827/'>Link</a>"" ",1432267200000,MONDAY NOVEMBER 26 FROM 2:35 - 3:20 PM - TOPIC - BENGHAZI,H,1,C05739827,"Sat, 24 Nov 2012",MONDAY NOVEMBER 26 FROM 2:35 - 3:20 PM - TOPIC - BENGHAZI
23,F-2015-04841,1353819600000,HRC_Email_296,H,,," ""<a href='/C05739834/'>Link</a>"" ",1432267200000,SCHEDULE,ValmoroLj@state.gov,2,C05739834,"Sun, 25 Nov 2012",SCHEDULE
20,F-2015-04841,1353819600000,HRC_Email_296,"Valmoro, Lona J",,," ""<a href='/C05739830/'>Link</a>"" ",1432267200000,SCHEDULE,H,2,C05739830,"Sun, 25 Nov 2012",SCHEDULE
0,F-2015-04841,1353906000000,HRC_Email_296,"Mills, Cheryl D",,," ""<a href='/C05739836/'>Link</a>"" ",1432267200000,HEARINGS,H,2,C05739836,"Mon, 26 Nov 2012",HEARINGS
22,F-2015-04841,1353906000000,HRC_Email_296,"Coleman, Claire L",,," ""<a href='/C05739835/'>Link</a>"" ",1432267200000,"MINI FOR TODAY-MONDAY, NOV 26, 2012",H,2,C05739835,"Mon, 26 Nov 2012","MINI FOR TODAY-MONDAY, NOV 26, 2012"
54,F-2015-04841,1354078800000,HRC_Email_296,"Mills, Cheryl",,," ""<a href='/C05739839/'>Link</a>"" ",1432267200000,POLITICO - MCCAIN AND HILLARY'S BIPARTISAN BOND,H,2,C05739839,"Wed, 28 Nov 2012",POLITICO - MCCAIN AND HILLARY'S BIPARTISAN BOND
49,F-2015-04841,1354078800000,HRC_Email_296,"Mills, Cheryl D",,," ""<a href='/C05739840/'>Link</a>"" ",1432267200000,MAKE UP TURNED BREAK UP,H,2,C05739840,"Wed, 28 Nov 2012",MAKE UP TURNED BREAK UP
75,F-2015-04841,1354597200000,HRC_Email_296,"Mills, Cheryl",,," ""<a href='/C05739841/'>Link</a>"" ",1432267200000,COHEN POST,H,1,C05739841,"Tue, 04 Dec 2012",COHEN POST
8,F-2015-04841,1355115600000,HRC_Email_296,"Blumenthal, Sidney",,," ""<a href='/C05739843/'>Link</a>"" ",1432267200000,"H: LIBYA, LATEST BENGHAZI INTEL. SID",H,1,C05739843,"Mon, 10 Dec 2012","H: LIBYA, LATEST BENGHAZI INTEL. SID"
57,F-2015-04841,1355806800000,HRC_Email_296,"Mills, Cheryl D",,," ""<a href='/C05739844/'>Link</a>"" ",1432267200000,DS,H,2,C05739844,"Tue, 18 Dec 2012",DS
56,F-2015-04841,1355806800000,HRC_Email_296,"Mills, Cheryl D",,," ""<a href='/C05739846/'>Link</a>"" ",1432267200000,INQUIRY INTO LIBYA ATTACK IS SHARPLY CRITICAL OF STATE DEPT. (NYT,H,2,C05739846,"Tue, 18 Dec 2012",INQUIRY INTO LIBYA ATTACK IS SHARPLY CRITICAL OF STATE DEPT. (NYT
84,F-2015-04841,1355893200000,HRC_Email_296,"Blumenthal, Sidney",,," ""<a href='/C05739848/'>Link</a>"" ",1432267200000,"H: SURE YOU'VE SEEN ALL THIS INFO, BUT START ON GRAPH 5. SID",H,1,C05739848,"Wed, 19 Dec 2012","H: SURE YOU'VE SEEN ALL THIS INFO, BUT START ON GRAPH 5. SID"
6,F-2015-04841,1355979600000,HRC_Email_296,H,,," ""<a href='/C05739865/'>Link</a>"" ",1432267200000,"H:  LIBYA, LATEST BENGHAZI INTEL.  SID",sullivanjj@state.gov,11,C05739865,"Thu, 20 Dec 2012","H:  LIBYA, LATEST BENGHAZI INTEL.  SID"
95,F-2015-04841,1355979600000,HRC_Email_296,H,,," ""<a href='/C05739849/'>Link</a>"" ",1432267200000,THANK YOU SO MUCH,Burnswj@state.gov,11,C05739849,"Thu, 20 Dec 2012",THANK YOU SO MUCH
42,F-2015-04841,1355979600000,HRC_Email_296,"Mills, Cheryl D",,," ""<a href='/C05739855/'>Link</a>"" ",1432267200000,FOX FROM CAITLIN,H,11,C05739855,"Thu, 20 Dec 2012",FOX FROM CAITLIN
77,F-2015-04841,1355979600000,HRC_Email_296,"Sullivan, Jacob J",,," ""<a href='/C05739862/'>Link</a>"" ",1432267200000,"H: SURE YOU'VE SEEN ALL THIS INFO, BUT START ON GRAPH 5. SID",H,11,C05739862,"Thu, 20 Dec 2012","H: SURE YOU'VE SEEN ALL THIS INFO, BUT START ON GRAPH 5. SID"
73,F-2015-04841,1355979600000,HRC_Email_296,"Burns, William J",,," ""<a href='/C05739851/'>Link</a>"" ",1432267200000,THANK YOU SO MUCH,H,11,C05739851,"Thu, 20 Dec 2012",THANK YOU SO MUCH
60,F-2015-04841,1355979600000,HRC_Email_296,H,,," ""<a href='/C05739860/'>Link</a>"" ",1432267200000,"H: SURE YOU'VE SEEN ALL THIS INFO, BUT START ON GRAPH 5. SID",sullivanjj@state.gov,11,C05739860,"Thu, 20 Dec 2012","H: SURE YOU'VE SEEN ALL THIS INFO, BUT START ON GRAPH 5. SID"
59,F-2015-04841,1355979600000,HRC_Email_296,H,,," ""<a href='/C05739858/'>Link</a>"" ",1432267200000,FOX FROM CAITLIN,millscd@state.gov,11,C05739858,"Thu, 20 Dec 2012",FOX FROM CAITLIN
35,F-2015-04841,1355979600000,HRC_Email_296,H,,," ""<a href='/C05739856/'>Link</a>"" ",1432267200000,FOX FROM CAITLIN,millscd@state.gov,11,C05739856,"Thu, 20 Dec 2012",FOX FROM CAITLIN
43,F-2015-04841,1355979600000,HRC_Email_296,"Mills, Cheryl D",,," ""<a href='/C05739850/'>Link</a>"" ",1432267200000,THANK YOU SO MUCH,H,11,C05739850,"Thu, 20 Dec 2012",THANK YOU SO MUCH
82,F-2015-04841,1355979600000,HRC_Email_296,H,,," ""<a href='/C05739853/'>Link</a>"" ",1432267200000,THANK YOU SO MUCH,NidesTR@state.gov,11,C05739853,"Thu, 20 Dec 2012",THANK YOU SO MUCH
61,F-2015-04841,1355979600000,HRC_Email_296,"Nides, Thomas R",,," ""<a href='/C05739852/'>Link</a>"" ",1432267200000,THANK YOU SO MUCH,H,11,C05739852,"Thu, 20 Dec 2012",THANK YOU SO MUCH
48,F-2015-04841,1356325200000,HRC_Email_296,"Reines, Philippe I",,," ""<a href='/C05739867/'>Link</a>"" ",1432267200000,THANK YOU,H,1,C05739867,"Mon, 24 Dec 2012",THANK YOU
